"[240, 13, 76, 21, 1, 823], 0.45781046148714655"
"[131, 26, 88, 27, 20, 702], 0.5815655270655271"
"[102, 36, 96, 19, 0, 653], 0.45584711587544674"
"[31, 43, 109, 13, 9, 921], 0.5563059174809989"
"[337, 46, 1, 9, 8, 1021], 0.6453267221678094"
"[461, 33, 81, 17, 2, 975], 0.6128525641025642"
"[311, 7, 58, 30, 15, 878], 0.5139448724820225"
"[31, 44, 105, 26, 18, 1049], 0.44936232920241503"
"[45, 33, 130, 35, 20, 1070], 0.4621456386292836"
"[335, 48, 151, 26, 8, 850], 0.6761642156862745"
"[430, 24, 118, 26, 0, 659], 0.44063758219524524"
"[501, 30, 176, 30, 7, 768], 0.5639921875"
"[63, 8, 157, 23, 16, 609], 0.5530973630831644"
"[529, 4, 142, 21, 0, 924], 0.371516456582633"
"[466, 26, 113, 16, 8, 788], 0.6591726945854485"
"[422, 34, 35, 7, 6, 568], 0.47355090962441315"
"[319, 31, 160, 34, 8, 589], 0.7521352574985852"
"[138, 46, 156, 27, 6, 687], 0.5838777292576419"
"[525, 20, 155, 36, 15, 838], 0.6014207438345267"
"[385, 9, 143, 26, 12, 833], 0.6469934973989596"
"[117, 17, 171, 31, 14, 706], 0.6265636213408876"
"[329, 15, 133, 9, 12, 701], 0.8433747237839503"
"[523, 7, 107, 8, 0, 866], 0.46088207557849936"
"[430, 0, 33, 0, 5, 914], 0.41232066010211527"
"[418, 45, 175, 26, 5, 585], 0.47987179487179493"
"[346, 6, 154, 20, 17, 1029], 0.5079539244269138"
"[244, 36, 33, 9, 3, 1053], 0.5425496201329536"
"[440, 14, 173, 3, 0, 652], 0.5087647810658006"
"[211, 11, 9, 21, 20, 663], 0.5223118401206637"
"[25, 35, 176, 33, 10, 618], 0.5869401294498383"
"[580, 38, 180, 28, 12, 511], 0.460337899543379"
"[126, 35, 32, 12, 14, 741], 0.6412631578947369"
"[239, 0, 148, 1, 7, 889], 0.4142911511061118"
"[14, 30, 152, 2, 8, 840], 0.515654761904762"
"[208, 39, 91, 31, 4, 1082], 0.44270848736906965"
"[274, 11, 67, 36, 7, 978], 0.4680180590641165"
"[422, 3, 136, 8, 20, 546], 0.4658464770523595"
"[517, 38, 37, 4, 11, 1087], 0.6850994326893592"
"[142, 34, 11, 23, 13, 551], 0.5425479431336964"
"[24, 44, 115, 7, 18, 543], 0.6118743093922652"
"[480, 35, 101, 7, 15, 702], 0.6047403846153846"
"[587, 28, 31, 35, 1, 680], 0.33470281862745105"
"[8, 21, 54, 10, 16, 903], 0.5694612403100776"
"[503, 19, 151, 19, 17, 1059], 0.7028260151085931"
"[145, 12, 130, 36, 9, 642], 0.5596995143851935"
"[421, 18, 180, 27, 8, 787], 0.719865734858111"
"[353, 37, 7, 2, 13, 950], 0.6184100877192983"
"[291, 7, 21, 14, 16, 579], 0.6374688357208168"
"[326, 34, 73, 14, 13, 637], 0.7826678440607012"
"[335, 25, 114, 35, 1, 793], 0.5964430432955025"
"[212, 27, 70, 12, 15, 788], 0.7073246615905245"
"[137, 25, 85, 30, 20, 867], 0.5429639561707037"
"[39, 34, 53, 18, 0, 904], 0.3608861541297936"
"[6, 23, 160, 7, 1, 510], 0.4916176470588236"
"[413, 20, 22, 21, 12, 940], 0.6364849290780142"
"[328, 44, 62, 8, 9, 996], 0.6778378514056226"
"[190, 32, 34, 15, 19, 1092], 0.5445911172161172"
"[539, 24, 63, 12, 17, 507], 0.5552470414201183"
"[513, 11, 9, 15, 8, 823], 0.49762132204035925"
"[485, 47, 89, 35, 0, 940], 0.5552681737588653"
"[320, 33, 30, 34, 14, 911], 0.6017341748993781"
"[149, 6, 160, 8, 19, 713], 0.6196872232764074"
"[489, 21, 170, 30, 17, 725], 0.5751436781609196"
"[416, 5, 14, 1, 12, 568], 0.2988674226732947"
"[139, 28, 120, 10, 17, 1104], 0.6174039855072465"
"[175, 15, 7, 6, 5, 737], 0.5489512397903531"
"[245, 27, 124, 12, 19, 988], 0.6806521592442647"
"[185, 43, 136, 33, 0, 505], 0.6263696369636964"
"[89, 24, 16, 15, 7, 728], 0.5302619047619048"
"[269, 8, 99, 34, 19, 1015], 0.47230138607167005"
"[574, 40, 149, 24, 3, 523], 0.4632421924792861"
"[409, 42, 16, 18, 8, 646], 0.5153679050567596"
"[193, 17, 132, 22, 17, 642], 0.666190031152648"
"[135, 11, 48, 15, 13, 983], 0.4865466558953185"
"[191, 17, 15, 29, 0, 810], 0.4290817901234568"
"[331, 6, 53, 22, 19, 1070], 0.4407344923950889"
"[194, 8, 2, 11, 2, 1083], 0.385666965401119"
"[7, 2, 69, 0, 13, 579], 0.30546512750177796"
"[79, 15, 106, 8, 2, 848], 0.5042817818165002"
"[418, 20, 53, 27, 7, 1048], 0.5734666825699747"
"[557, 0, 91, 11, 7, 529], 0.3688022999369881"
"[327, 2, 161, 11, 11, 1007], 0.5790330870183228"
"[10, 40, 6, 5, 16, 1046], 0.4581355959209688"
"[585, 28, 177, 32, 9, 568], 0.5106657863849766"
"[73, 3, 27, 11, 18, 1105], 0.38090686274509805"
"[15, 7, 0, 0, 4, 823], 0.24915221690134134"
"[278, 28, 55, 15, 17, 841], 0.6807682322631788"
"[196, 32, 59, 34, 0, 796], 0.4626929438860972"
"[473, 2, 55, 28, 18, 667], 0.29687803892171566"
"[382, 39, 101, 29, 14, 758], 0.7436782102022867"
"[297, 18, 7, 0, 1, 568], 0.5218343603286385"
"[6, 19, 107, 16, 19, 1040], 0.49027844551282057"
"[298, 30, 139, 16, 18, 922], 0.6911069233550252"
"[54, 0, 171, 7, 19, 559], 0.47746899224806216"
"[335, 48, 96, 35, 12, 980], 0.6160034013605442"
"[393, 45, 155, 0, 1, 825], 0.63875"
"[26, 45, 180, 8, 18, 968], 0.6017606749311295"
"[305, 3, 36, 25, 18, 550], 0.4622549019607843"
"[581, 22, 46, 28, 9, 525], 0.4285714285714286"
"[448, 40, 155, 25, 16, 875], 0.7347023809523809"
"[250, 10, 100, 18, 15, 879], 0.5593288161681056"
"[442, 17, 49, 16, 2, 855], 0.6256652046783626"
"[542, 36, 40, 8, 3, 1098], 0.655888888888889"
"[87, 46, 28, 11, 11, 514], 0.6208320363164721"
"[318, 21, 50, 11, 4, 737], 0.720374038896427"
"[250, 23, 33, 22, 13, 932], 0.5578842095851215"
"[293, 21, 103, 6, 4, 1061], 0.5692493716619542"
"[27, 18, 156, 30, 14, 563], 0.5916352871521612"
"[331, 41, 44, 32, 6, 647], 0.6377212776919114"
"[443, 42, 165, 7, 18, 700], 0.7110863095238095"
"[126, 44, 64, 34, 12, 586], 0.5688697383390217"
"[63, 4, 23, 36, 8, 1095], 0.25023066075745365"
"[175, 12, 100, 17, 7, 725], 0.563531102096011"
"[62, 17, 148, 7, 8, 697], 0.6351767097082737"
"[107, 17, 141, 32, 15, 818], 0.572369295028525"
"[581, 22, 158, 1, 10, 1030], 0.6451415857605178"
"[182, 39, 108, 9, 17, 579], 0.766102763385147"
"[269, 6, 180, 36, 6, 759], 0.5530493296132682"
"[509, 36, 9, 32, 16, 650], 0.42732371794871804"
"[334, 41, 17, 28, 20, 751], 0.6703143586329339"
"[201, 18, 41, 9, 14, 858], 0.6715323426573429"
"[418, 22, 141, 24, 18, 959], 0.6895214633298576"
"[548, 19, 56, 32, 4, 818], 0.42084881825590875"
"[544, 45, 140, 35, 12, 760], 0.5221820175438596"
"[458, 41, 143, 25, 20, 532], 0.5733706140350877"
"[77, 2, 30, 17, 9, 740], 0.36642256226815056"
"[528, 30, 79, 28, 11, 623], 0.47577354200107014"
"[129, 2, 99, 34, 4, 892], 0.2977265178492922"
"[235, 8, 36, 23, 2, 953], 0.34540405942020047"
"[461, 46, 41, 28, 10, 1035], 0.6312741545893722"
"[482, 38, 8, 33, 6, 1012], 0.5856811594202899"
"[464, 10, 1, 11, 14, 559], 0.44179933529762533"
"[426, 1, 146, 35, 11, 1088], 0.46337025122549025"
"[217, 3, 96, 1, 12, 1070], 0.38571284588601806"
"[569, 42, 151, 21, 11, 1016], 0.6377840387139108"
"[306, 18, 89, 5, 8, 546], 0.6918585164835165"
"[338, 16, 31, 2, 18, 784], 0.6798999037114848"
"[3, 12, 33, 13, 3, 714], 0.4001186974789917"
"[538, 20, 65, 21, 20, 809], 0.5090557272352699"
"[300, 13, 107, 34, 11, 867], 0.6047430795847751"
"[241, 21, 161, 15, 6, 1015], 0.5989059934318555"
"[268, 19, 109, 10, 0, 789], 0.6655928390367554"
"[126, 33, 112, 32, 2, 907], 0.43867622197721434"
"[115, 47, 70, 5, 10, 1043], 0.5377558325343561"
"[579, 10, 65, 23, 4, 951], 0.39779175171645953"
"[138, 37, 132, 27, 16, 947], 0.5428662442801832"
"[359, 43, 112, 24, 19, 887], 0.6762224727546037"
"[160, 46, 66, 34, 7, 872], 0.5068885703363915"
"[147, 40, 96, 13, 16, 670], 0.6885323383084578"
"[34, 8, 126, 10, 20, 791], 0.5525618849309637"
"[263, 2, 131, 34, 17, 915], 0.4553853262616523"
"[422, 6, 8, 8, 14, 1031], 0.5776360567505373"
"[45, 11, 157, 26, 7, 582], 0.5154240448756824"
"[431, 32, 87, 7, 13, 864], 0.8026218171296298"
"[150, 17, 16, 1, 10, 1029], 0.4836749271137027"
"[78, 16, 44, 23, 14, 1062], 0.4306146560319044"
"[543, 3, 77, 27, 13, 855], 0.3889434984520124"
"[344, 25, 177, 34, 12, 844], 0.7239290086887837"
"[470, 37, 85, 35, 18, 638], 0.4812843521421108"
"[443, 5, 113, 22, 16, 572], 0.36808310194707256"
"[532, 38, 26, 14, 8, 1007], 0.6713920887123469"
"[204, 24, 73, 26, 12, 970], 0.5412650343642611"
"[260, 37, 12, 30, 2, 795], 0.5005974842767296"
"[201, 47, 13, 29, 4, 934], 0.445959403997145"
"[427, 46, 164, 24, 6, 803], 0.6847065172270652"
"[378, 27, 21, 31, 14, 1061], 0.5730783066289665"
"[81, 27, 170, 21, 1, 1107], 0.3740704607046071"
"[11, 5, 107, 5, 16, 685], 0.4380637254901961"
"[327, 28, 102, 25, 16, 921], 0.6384381107491858"
"[223, 0, 168, 12, 20, 1037], 0.48562857602057213"
"[565, 4, 146, 18, 19, 639], 0.40771858602595973"
"[550, 33, 117, 29, 10, 738], 0.5098140243902439"
"[29, 10, 31, 24, 17, 504], 0.3768958041549954"
"[267, 8, 26, 11, 1, 507], 0.5384897319874695"
"[6, 10, 92, 2, 2, 740], 0.34595853206147337"
"[554, 12, 116, 28, 13, 951], 0.5528487350776272"
"[324, 38, 37, 29, 7, 500], 0.4580208333333332"
"[202, 9, 130, 32, 14, 996], 0.4708525572879755"
"[220, 10, 78, 10, 7, 990], 0.5558370469399881"
"[49, 29, 107, 30, 6, 933], 0.43701741693461954"
"[569, 3, 168, 33, 6, 862], 0.35566286793139534"
"[328, 9, 129, 5, 17, 692], 0.7264748455740678"
"[82, 22, 177, 32, 1, 741], 0.49079925775978406"
"[496, 35, 76, 21, 19, 870], 0.6208045977011495"
"[564, 40, 90, 11, 19, 765], 0.6026470588235294"
"[258, 15, 11, 18, 7, 877], 0.5347462885952557"
"[182, 42, 111, 35, 13, 1006], 0.5370115142478464"
"[202, 20, 90, 0, 11, 886], 0.5764445071482318"
"[247, 1, 49, 8, 1, 888], 0.390471697800742"
"[419, 39, 37, 31, 4, 745], 0.5569267337807606"
"[49, 26, 66, 19, 9, 505], 0.506443894389439"
"[71, 43, 151, 10, 15, 905], 0.6541045119705341"
"[56, 18, 164, 27, 12, 597], 0.6233484087102179"
"[404, 4, 11, 3, 10, 808], 0.5783324779169093"
"[522, 27, 121, 5, 5, 569], 0.5070147920328061"
"[570, 35, 175, 17, 2, 1104], 0.6199232336956523"
"[113, 48, 140, 17, 5, 848], 0.540181996855346"
"[178, 41, 26, 34, 3, 872], 0.44570737767584095"
"[126, 29, 22, 18, 16, 553], 0.5622389993972273"
"[164, 29, 141, 33, 7, 799], 0.5771822069253234"
"[539, 10, 164, 6, 9, 1076], 0.6887442415627962"
"[321, 38, 131, 11, 6, 572], 0.7512009032634035"
"[383, 13, 86, 30, 9, 971], 0.5827848589487289"
"[250, 10, 105, 30, 10, 1004], 0.49148543570814784"
"[490, 47, 63, 12, 19, 668], 0.5680417914171658"
"[68, 11, 146, 32, 5, 714], 0.44629341736694683"
"[27, 47, 130, 16, 14, 572], 0.5879688228438229"
"[68, 17, 43, 1, 4, 785], 0.4381555201698514"
"[335, 7, 158, 35, 10, 625], 0.7045725490196079"
"[108, 7, 152, 5, 14, 613], 0.5711955506509292"
"[301, 30, 66, 34, 0, 745], 0.5552069351230426"
"[517, 41, 1, 28, 7, 1094], 0.5793839884216943"
"[45, 1, 106, 28, 17, 552], 0.35880386828644506"
"[159, 31, 158, 26, 4, 592], 0.6451615990990992"
"[21, 37, 113, 32, 3, 769], 0.4293674685739055"
"[340, 39, 171, 25, 14, 1088], 0.6110896905637255"
"[35, 12, 74, 18, 11, 1056], 0.40577292223707667"
"[444, 23, 173, 10, 3, 633], 0.6217914691943129"
"[166, 42, 180, 4, 16, 1098], 0.581936247723133"
"[493, 22, 42, 27, 11, 687], 0.4556572052401748"
"[136, 46, 4, 17, 3, 696], 0.47889511494252873"
"[180, 48, 23, 31, 9, 950], 0.4977521929824562"
"[327, 8, 16, 28, 9, 933], 0.4785150368829204"
"[335, 42, 8, 30, 8, 665], 0.6492731829573936"
"[299, 47, 22, 8, 15, 906], 0.6878934878587198"
"[42, 41, 147, 31, 0, 803], 0.4156296180987962"
"[432, 12, 125, 21, 15, 827], 0.6624080600801384"
"[1, 41, 50, 26, 6, 643], 0.4068945049248316"
"[56, 39, 110, 25, 7, 560], 0.5104092261904762"
"[347, 8, 35, 31, 19, 968], 0.49808610334629727"
"[408, 23, 127, 36, 11, 611], 0.5520686033824331"
"[231, 30, 15, 20, 11, 1106], 0.48895441531042794"
"[271, 32, 151, 24, 8, 838], 0.6439923428798727"
"[462, 3, 67, 20, 9, 965], 0.5066784770903181"
"[415, 39, 138, 27, 7, 613], 0.5114448069603045"
"[528, 31, 56, 30, 2, 810], 0.4200925925925926"
"[229, 11, 155, 19, 18, 817], 0.6017342801257591"
"[455, 5, 151, 5, 7, 999], 0.5872268886533594"
"[209, 3, 120, 30, 9, 676], 0.4960507599489501"
"[360, 46, 22, 33, 8, 876], 0.6087517123287672"
"[139, 21, 107, 36, 7, 812], 0.5370265804597701"
"[421, 39, 139, 18, 5, 666], 0.568667042042042"
"[196, 8, 22, 22, 5, 808], 0.4001187512133567"
"[123, 13, 67, 11, 4, 808], 0.5361986689477772"
"[419, 28, 108, 14, 10, 764], 0.7658931064572425"
"[141, 3, 72, 3, 7, 1029], 0.33790018864688737"
"[174, 48, 137, 33, 19, 813], 0.6130009225092251"
"[41, 43, 1, 2, 9, 634], 0.46374040483701373"
"[472, 25, 23, 5, 16, 682], 0.5143723118279568"
"[195, 8, 90, 7, 9, 942], 0.5295235106781567"
"[410, 30, 21, 29, 20, 723], 0.6127631396957124"
"[449, 8, 21, 4, 12, 643], 0.38784947244838835"
"[366, 6, 64, 23, 12, 975], 0.49713800904977384"
"[560, 4, 165, 2, 9, 722], 0.40907528787138125"
"[95, 44, 163, 13, 1, 906], 0.5232618653421633"
"[184, 44, 40, 34, 15, 784], 0.5730960884353742"
"[390, 12, 29, 28, 1, 980], 0.4443703731492598"
"[179, 21, 66, 27, 18, 676], 0.6033286489151874"
"[41, 28, 52, 35, 12, 704], 0.4935762310606061"
"[563, 0, 58, 18, 4, 573], 0.21794764397905766"
"[77, 14, 130, 1, 15, 1083], 0.4532284775406008"
"[299, 5, 145, 19, 19, 715], 0.615965823392294"
"[141, 38, 62, 4, 5, 846], 0.526686170212766"
"[300, 0, 44, 10, 5, 830], 0.5047389558232932"
"[224, 15, 75, 18, 8, 729], 0.6138016017106432"
"[410, 14, 28, 19, 20, 599], 0.43306396281384"
"[572, 44, 24, 14, 8, 618], 0.48370388349514576"
"[127, 18, 76, 8, 12, 924], 0.6157781385281386"
"[533, 27, 74, 29, 10, 958], 0.6185822894919972"
"[232, 1, 90, 14, 18, 567], 0.5845197115883392"
"[59, 23, 176, 24, 7, 710], 0.5510798122065729"
"[382, 5, 31, 32, 13, 766], 0.5707979509035991"
"[289, 27, 38, 25, 11, 1001], 0.5578170163170163"
"[493, 0, 66, 15, 17, 852], 0.4835134976525822"
"[4, 30, 130, 14, 15, 709], 0.5944360601786555"
"[1, 9, 41, 20, 1, 1000], 0.21481678921568625"
"[582, 33, 143, 35, 4, 986], 0.5283200642325896"
"[512, 33, 12, 32, 4, 854], 0.4773387978142076"
"[248, 14, 19, 28, 17, 662], 0.5905098261358925"
"[185, 48, 175, 1, 4, 807], 0.5817716852540274"
"[253, 5, 164, 5, 20, 790], 0.6184171010176224"
"[22, 8, 10, 31, 18, 507], 0.3286771087133078"
"[90, 2, 76, 28, 7, 930], 0.29125237191650855"
"[43, 6, 4, 27, 18, 545], 0.3248997121784494"
"[454, 13, 106, 29, 14, 700], 0.5203168767507002"
"[93, 17, 48, 34, 5, 636], 0.46449056603773586"
"[429, 3, 102, 27, 2, 709], 0.3623444647252414"
"[106, 26, 24, 4, 17, 880], 0.538844696969697"
"[414, 35, 127, 29, 6, 1060], 0.5872779088050316"
"[506, 44, 60, 27, 16, 716], 0.4711140595903166"
"[514, 42, 99, 33, 7, 591], 0.4520215736040609"
"[220, 12, 20, 33, 4, 1016], 0.38051468658329485"
"[398, 3, 124, 6, 5, 937], 0.5388345889049323"
"[378, 23, 62, 34, 7, 574], 0.47312746806039485"
"[281, 37, 22, 11, 18, 912], 0.6883645833333334"
"[438, 37, 130, 25, 11, 656], 0.5551222052845528"
"[405, 10, 179, 16, 1, 972], 0.5554507534495281"
"[107, 43, 146, 32, 19, 774], 0.5910419896640827"
"[66, 42, 54, 5, 6, 981], 0.4709418960244648"
"[225, 32, 123, 20, 2, 941], 0.48649158696422257"
"[358, 22, 82, 36, 17, 982], 0.6202564494229464"
"[338, 0, 179, 36, 19, 613], 0.5546748232735181"
"[446, 37, 101, 9, 18, 687], 0.6719144832605531"
"[527, 6, 77, 31, 15, 591], 0.35074880561361604"
"[96, 47, 56, 11, 3, 978], 0.5004202453987731"
"[405, 16, 9, 7, 13, 1018], 0.6723675266766825"
"[72, 22, 31, 12, 2, 644], 0.4982980072463768"
"[506, 21, 60, 32, 8, 591], 0.4335888324873097"
"[519, 26, 174, 25, 8, 1056], 0.6844758522727272"
"[417, 32, 155, 2, 3, 697], 0.5975601386896222"
"[437, 18, 81, 18, 14, 1091], 0.6407434311029636"
"[560, 11, 130, 3, 4, 867], 0.45222722029988466"
"[91, 3, 117, 17, 9, 715], 0.44259581105169343"
"[162, 24, 91, 23, 8, 789], 0.5627252851711028"
"[388, 15, 95, 34, 8, 1021], 0.5788996322329129"
"[353, 37, 169, 16, 12, 500], 0.5272083333333333"
"[514, 21, 38, 26, 7, 945], 0.5814550264550266"
"[42, 1, 90, 24, 0, 824], 0.20037993765467355"
"[326, 14, 175, 30, 17, 534], 0.5751767459792906"
"[190, 21, 106, 27, 5, 522], 0.6141791187739464"
"[523, 0, 175, 27, 18, 523], 0.29799362651370304"
"[102, 8, 89, 8, 20, 1062], 0.47354108507809917"
"[146, 31, 63, 29, 19, 1044], 0.4867100095785441"
"[114, 27, 20, 3, 11, 592], 0.5607865990990991"
"[457, 4, 11, 17, 1, 939], 0.4364528440769279"
"[219, 45, 31, 6, 2, 571], 0.5998842673671921"
"[347, 7, 153, 25, 18, 558], 0.557997100990934"
"[173, 29, 41, 22, 7, 930], 0.4836760752688173"
"[479, 39, 45, 9, 11, 581], 0.5581392713711991"
"[365, 27, 108, 20, 9, 1073], 0.5884313451382417"
"[498, 41, 130, 36, 3, 963], 0.606361370716511"
"[144, 15, 68, 15, 7, 541], 0.5976133884237614"
"[313, 17, 113, 34, 17, 524], 0.6292584287531807"
"[79, 11, 85, 35, 10, 652], 0.47668306417659084"
"[566, 14, 5, 27, 20, 819], 0.4069151224592401"
"[49, 48, 172, 25, 4, 763], 0.49811183923110536"
"[140, 47, 51, 0, 18, 689], 0.5636268746976295"
"[397, 0, 10, 31, 19, 953], 0.42937495627841904"
"[384, 13, 159, 27, 9, 520], 0.46622690422322777"
"[47, 38, 58, 29, 12, 693], 0.5011421356421357"
"[480, 48, 77, 36, 9, 1095], 0.6196404109589042"
"[241, 42, 17, 11, 8, 638], 0.7076950104493209"
"[82, 34, 53, 27, 4, 527], 0.4502740354206199"
"[294, 4, 101, 8, 14, 718], 0.6594580602435961"
"[139, 13, 52, 32, 12, 716], 0.5188260214700405"
"[213, 12, 89, 16, 6, 702], 0.5854907616892913"
"[108, 28, 84, 0, 0, 595], 0.4435994397759104"
"[204, 44, 55, 15, 17, 889], 0.6205692725909262"
"[349, 24, 12, 25, 17, 811], 0.6494356761200164"
"[321, 1, 81, 34, 1, 635], 0.43226628840512576"
"[38, 11, 5, 31, 3, 567], 0.2909668274717295"
"[0, 3, 45, 11, 6, 1005], 0.32407704126426695"
"[349, 47, 115, 26, 9, 640], 0.6842545572916667"
"[451, 39, 83, 1, 14, 776], 0.6443216280068729"
"[531, 12, 23, 9, 0, 1070], 0.5747263835440719"
"[368, 21, 46, 32, 3, 606], 0.47750577557755763"
"[170, 28, 23, 20, 15, 1054], 0.47770738456672995"
"[199, 22, 108, 3, 20, 1045], 0.5694936204146731"
"[561, 8, 132, 29, 6, 655], 0.36686760963927556"
"[169, 12, 12, 6, 6, 516], 0.5430137938896489"
"[467, 45, 70, 31, 0, 1067], 0.5092566385504531"
"[158, 2, 153, 8, 9, 790], 0.5436753847108465"
"[279, 23, 57, 1, 7, 808], 0.6085496080858086"
"[197, 42, 106, 26, 8, 1108], 0.4865765643802648"
"[205, 46, 155, 31, 11, 575], 0.7577898550724639"
"[522, 5, 105, 15, 5, 756], 0.38115598739495793"
"[40, 32, 28, 23, 16, 1096], 0.4100568734793188"
"[238, 30, 90, 7, 10, 779], 0.7270825845100557"
"[382, 45, 65, 36, 2, 808], 0.6019283209570957"
"[36, 47, 0, 1, 3, 936], 0.35073076923076923"
"[223, 29, 170, 25, 15, 617], 0.7594176121015669"
"[259, 25, 5, 11, 19, 562], 0.7532640865954924"
"[284, 20, 133, 6, 0, 574], 0.714166231126597"
"[458, 24, 11, 36, 8, 697], 0.46468711142993785"
"[588, 2, 77, 32, 19, 694], 0.31473377549867215"
"[180, 12, 89, 33, 4, 747], 0.4831832624616112"
"[267, 5, 135, 31, 12, 613], 0.6033271838915011"
"[537, 45, 148, 31, 18, 909], 0.6238712871287128"
"[565, 12, 57, 20, 18, 1106], 0.5836152226713469"
"[506, 35, 175, 34, 0, 508], 0.3450259186351707"
"[248, 7, 154, 9, 6, 510], 0.7215196078431375"
"[259, 18, 85, 4, 15, 752], 0.7123578235815604"
"[219, 37, 80, 17, 18, 936], 0.6010512820512821"
"[9, 48, 142, 11, 7, 679], 0.6053242513500247"
"[85, 41, 89, 0, 5, 937], 0.43371460334400574"
"[0, 42, 164, 3, 7, 727], 0.53940944520862"
"[552, 5, 3, 4, 7, 936], 0.425969975490196"
"[127, 17, 131, 35, 13, 1051], 0.5061784808119252"
"[78, 25, 22, 36, 14, 1102], 0.4235815184513007"
"[490, 38, 21, 35, 20, 598], 0.4286277870680045"
"[372, 9, 85, 5, 4, 940], 0.5453573477263246"
"[19, 15, 138, 30, 18, 1056], 0.4346944908645277"
"[132, 18, 6, 4, 4, 708], 0.5026927966101696"
"[274, 3, 128, 27, 19, 862], 0.4929598516900961"
"[388, 42, 139, 20, 6, 753], 0.7044385790172644"
"[37, 28, 53, 7, 2, 544], 0.47034267769607846"
"[193, 28, 100, 12, 4, 991], 0.5670104271779348"
"[6, 41, 80, 13, 20, 578], 0.5664025374855826"
"[442, 6, 40, 16, 8, 802], 0.5419861131485014"
"[54, 19, 167, 22, 11, 1001], 0.5008427405927406"
"[573, 12, 105, 3, 12, 739], 0.48462143463610086"
"[226, 37, 179, 26, 6, 932], 0.5684394670958512"
"[240, 46, 128, 25, 15, 670], 0.6928233830845772"
"[41, 25, 22, 8, 19, 1102], 0.5067938596491228"
"[342, 47, 42, 9, 7, 515], 0.5564644012944984"
"[578, 47, 126, 32, 1, 767], 0.3991712299000435"
"[390, 15, 131, 24, 1, 545], 0.3814465281525455"
"[335, 20, 29, 5, 2, 640], 0.6236100260416666"
"[553, 9, 24, 20, 1, 1075], 0.42503989968080264"
"[441, 21, 59, 12, 9, 500], 0.5386458333333334"
"[198, 28, 94, 35, 2, 582], 0.5553118556701031"
"[533, 21, 1, 17, 13, 918], 0.5967480936819173"
"[20, 3, 11, 16, 1, 875], 0.21707633053221295"
"[260, 18, 100, 35, 12, 991], 0.5758146653212244"
"[274, 39, 125, 17, 13, 714], 0.7429408263305324"
"[176, 36, 178, 22, 16, 630], 0.7113492063492064"
"[290, 11, 143, 15, 18, 920], 0.6359589460784315"
"[254, 35, 110, 24, 19, 1094], 0.5433865021328459"
"[186, 28, 166, 12, 6, 956], 0.6318408298465831"
"[460, 6, 97, 9, 2, 943], 0.5886293691389601"
"[585, 4, 152, 34, 12, 555], 0.4271581875993642"
"[322, 42, 162, 12, 20, 744], 0.8549643817204303"
"[324, 7, 21, 15, 2, 1092], 0.39007195378151266"
"[493, 3, 142, 36, 4, 740], 0.3386006226815051"
"[79, 22, 45, 27, 5, 683], 0.4525503904343583"
"[132, 26, 138, 36, 17, 926], 0.5492978761699066"
"[135, 32, 12, 34, 15, 742], 0.5347178796046721"
"[399, 42, 154, 25, 7, 992], 0.6335451948924733"
"[25, 24, 55, 12, 12, 936], 0.5473987713675215"
"[435, 45, 164, 5, 4, 921], 0.7161254071661239"
"[398, 43, 104, 18, 12, 602], 0.5674014396456257"
"[249, 5, 58, 14, 13, 573], 0.6153721897135819"
"[33, 8, 5, 16, 1, 667], 0.2901534600346886"
"[57, 31, 19, 36, 17, 531], 0.4714449152542373"
"[282, 34, 172, 21, 8, 1009], 0.5889814998348201"
"[222, 18, 80, 24, 18, 721], 0.6386306056403144"
"[389, 22, 29, 15, 4, 1106], 0.5538165310427969"
"[54, 46, 94, 3, 16, 865], 0.5379865125240848"
"[468, 9, 105, 17, 14, 949], 0.6520371856856547"
"[67, 22, 78, 35, 11, 966], 0.47402846790890263"
"[580, 30, 37, 19, 6, 945], 0.49365740740740743"
"[536, 46, 55, 24, 11, 909], 0.577288503850385"
"[233, 6, 26, 23, 8, 955], 0.39176111282209225"
"[533, 37, 142, 28, 13, 685], 0.523838199513382"
"[561, 15, 147, 4, 7, 1074], 0.6601667351298062"
"[189, 2, 172, 11, 12, 559], 0.6429312147041286"
"[576, 20, 20, 5, 12, 817], 0.5003082415340678"
"[291, 1, 151, 31, 13, 921], 0.4673624736539567"
"[414, 45, 114, 29, 19, 650], 0.5818910256410257"
"[35, 38, 156, 22, 4, 828], 0.4589504830917875"
"[462, 24, 87, 26, 9, 700], 0.5249255952380951"
"[15, 12, 141, 2, 6, 956], 0.40000051788497826"
"[544, 13, 31, 17, 16, 915], 0.5510941015750563"
"[471, 43, 109, 9, 0, 518], 0.4849699163449164"
"[2, 2, 0, 29, 16, 773], 0.26951915125688053"
"[137, 35, 153, 35, 8, 604], 0.6941062362030906"
"[467, 38, 164, 27, 7, 996], 0.6706214859437751"
"[466, 38, 124, 26, 9, 955], 0.6956762652705063"
"[560, 8, 169, 2, 18, 678], 0.4680771082769392"
"[519, 47, 12, 0, 11, 772], 0.47576986183074277"
"[563, 28, 143, 4, 13, 598], 0.5742590579710144"
"[191, 46, 144, 31, 18, 641], 0.6736235049401976"
"[496, 45, 20, 11, 13, 593], 0.5396427768409219"
"[233, 32, 83, 23, 6, 868], 0.546872791858679"
"[373, 44, 170, 19, 8, 1071], 0.6200410830999067"
"[340, 28, 18, 13, 9, 986], 0.6541377620013524"
"[91, 44, 116, 8, 13, 643], 0.6749932607568689"
"[44, 18, 125, 3, 0, 524], 0.4661381997455471"
"[492, 34, 76, 31, 5, 815], 0.5282770961145195"
"[206, 15, 32, 31, 6, 889], 0.4750079181278812"
"[562, 47, 80, 24, 19, 681], 0.4810660792951542"
"[129, 30, 174, 17, 3, 584], 0.6042254566210046"
"[76, 5, 119, 1, 3, 679], 0.35643044124866446"
"[91, 32, 156, 7, 0, 679], 0.562872115856652"
"[379, 25, 124, 4, 1, 936], 0.6085566239316239"
"[276, 8, 25, 34, 4, 581], 0.4927601076575209"
"[6, 3, 105, 2, 7, 825], 0.3213836898395722"
"[165, 46, 136, 12, 0, 819], 0.5795714285714286"
"[349, 38, 22, 17, 13, 786], 0.7041304071246819"
"[191, 14, 168, 10, 19, 1021], 0.6549111117512627"
"[199, 37, 83, 34, 9, 619], 0.6267631933225634"
"[144, 32, 104, 27, 12, 638], 0.6080966562173459"
"[3, 48, 52, 11, 4, 1086], 0.44282596685082876"
"[422, 21, 53, 36, 11, 686], 0.5690982750242954"
"[150, 26, 114, 24, 3, 693], 0.5258354978354979"
"[315, 43, 81, 13, 12, 884], 0.7237851621417799"
"[124, 47, 144, 10, 3, 731], 0.6489879160966714"
"[2, 36, 117, 20, 5, 608], 0.4431816063596492"
"[552, 39, 90, 8, 5, 1086], 0.6974875690607736"
"[59, 30, 96, 19, 3, 709], 0.4607442407146216"
"[538, 18, 65, 21, 7, 666], 0.43174887387387384"
"[378, 48, 138, 10, 6, 705], 0.8015425531914893"
"[186, 47, 129, 25, 11, 780], 0.6292548076923077"
"[411, 40, 78, 23, 1, 570], 0.3591447368421053"
"[233, 43, 68, 35, 18, 1014], 0.5398264299802763"
"[477, 11, 47, 34, 14, 876], 0.5698226732473811"
"[111, 3, 19, 8, 20, 924], 0.4237919690603515"
"[50, 40, 105, 34, 13, 694], 0.5351101104707012"
"[171, 10, 38, 31, 15, 756], 0.495950863678805"
"[9, 2, 79, 14, 13, 1032], 0.3403022828317374"
"[359, 8, 165, 7, 2, 817], 0.6289428624571005"
"[518, 15, 167, 27, 12, 998], 0.6787483741993792"
"[138, 6, 41, 8, 17, 945], 0.47702964519141"
"[98, 0, 62, 21, 19, 561], 0.3576488413547237"
"[535, 44, 52, 9, 1, 867], 0.5497762399077277"
"[586, 15, 166, 33, 14, 887], 0.5295159603864094"
"[524, 2, 80, 32, 12, 758], 0.3310816907237829"
"[149, 2, 119, 21, 19, 974], 0.3684844737689737"
"[273, 24, 126, 35, 17, 877], 0.6393236412010642"
"[320, 12, 59, 29, 15, 969], 0.5395126418988648"
"[526, 47, 32, 12, 18, 525], 0.5285714285714287"
"[443, 27, 86, 27, 18, 618], 0.480730582524272"
"[397, 5, 30, 22, 12, 923], 0.5066089584262742"
"[32, 48, 45, 31, 1, 516], 0.35788711240310084"
"[128, 0, 39, 17, 17, 570], 0.40185307017543864"
"[34, 15, 62, 20, 16, 870], 0.4483865787694389"
"[327, 26, 77, 28, 12, 916], 0.627730440320233"
"[140, 15, 8, 17, 1, 618], 0.4377777460498764"
"[401, 14, 135, 12, 7, 578], 0.5555136966551327"
"[312, 4, 177, 27, 18, 582], 0.5968521831412978"
"[456, 33, 20, 14, 16, 629], 0.5072379438261791"
"[410, 36, 42, 10, 17, 747], 0.7772777777777777"
"[206, 40, 3, 19, 4, 608], 0.523054139254386"
"[286, 2, 140, 26, 4, 798], 0.4504936606221437"
"[438, 38, 20, 19, 9, 877], 0.6767381223869253"
"[367, 23, 149, 19, 8, 642], 0.6762270249221184"
"[208, 32, 158, 29, 10, 908], 0.6072707415565345"
"[164, 23, 79, 29, 0, 625], 0.4821166666666667"
"[515, 22, 113, 10, 20, 945], 0.7798346560846561"
"[396, 34, 10, 13, 18, 719], 0.712896615669912"
"[223, 28, 75, 13, 14, 589], 0.7471586021505379"
"[536, 17, 131, 14, 14, 552], 0.5907432065217392"
"[209, 15, 100, 27, 9, 601], 0.6299797233369223"
"[473, 39, 4, 26, 10, 525], 0.40357142857142864"
"[428, 4, 121, 11, 10, 928], 0.6686737713404329"
"[386, 44, 104, 2, 4, 807], 0.6775662949194549"
"[407, 36, 26, 11, 14, 992], 0.7270935819892473"
"[374, 9, 130, 26, 1, 756], 0.563724361967009"
"[572, 28, 130, 36, 1, 590], 0.40161723163841806"
"[337, 25, 118, 18, 17, 825], 0.7212878787878789"
"[75, 40, 92, 12, 2, 1057], 0.4626105329549039"
"[241, 6, 123, 31, 18, 525], 0.6180217086834734"
"[253, 12, 26, 22, 1, 995], 0.3684040299536901"
"[44, 24, 129, 29, 3, 602], 0.46232461240310074"
"[537, 23, 1, 12, 3, 989], 0.6069247556454331"
"[247, 4, 159, 34, 14, 682], 0.573152715485021"
"[250, 36, 155, 23, 1, 1024], 0.47235701497395843"
"[460, 5, 46, 33, 14, 935], 0.5433645276292336"
"[9, 15, 176, 6, 0, 896], 0.4382060574229692"
"[189, 5, 4, 8, 2, 1054], 0.34591777356103737"
"[197, 5, 99, 29, 1, 594], 0.41059697464844536"
"[494, 27, 25, 3, 15, 810], 0.592121913580247"
"[403, 19, 32, 4, 2, 829], 0.6354913550462407"
"[292, 17, 46, 29, 2, 778], 0.5482092973436161"
"[538, 45, 109, 27, 10, 760], 0.503061951754386"
"[548, 14, 168, 35, 17, 1012], 0.6366838332170813"
"[97, 45, 165, 9, 9, 530], 0.7087342767295599"
"[379, 5, 114, 28, 17, 555], 0.3903272390037095"
"[144, 3, 32, 1, 18, 935], 0.3578030303030304"
"[170, 16, 29, 13, 12, 774], 0.6373526941784466"
"[306, 43, 94, 28, 16, 681], 0.7153722466960353"
"[187, 0, 5, 14, 7, 898], 0.36956356718634004"
"[88, 45, 57, 14, 16, 1099], 0.5186816044889294"
"[531, 36, 103, 0, 17, 1069], 0.6778611630807609"
"[533, 37, 73, 13, 1, 873], 0.5430237686139747"
"[218, 2, 50, 21, 0, 1012], 0.23425925172440518"
"[271, 26, 41, 16, 7, 609], 0.680553776683087"
"[41, 39, 140, 23, 16, 922], 0.5022443962400579"
"[44, 42, 56, 28, 13, 920], 0.4616123188405798"
"[181, 3, 124, 36, 14, 673], 0.49109442647787205"
"[131, 46, 8, 22, 18, 1002], 0.4646117764471059"
"[566, 5, 18, 31, 17, 1014], 0.4467363093166261"
"[337, 4, 14, 32, 19, 509], 0.3142407642821372"
"[269, 30, 48, 19, 2, 886], 0.5045342362678706"
"[247, 18, 7, 36, 17, 987], 0.5264511144883486"
"[151, 4, 131, 16, 11, 627], 0.541968922975889"
"[167, 10, 74, 36, 13, 512], 0.5514624119178922"
"[136, 29, 38, 24, 4, 979], 0.41198655090228126"
"[351, 41, 162, 16, 7, 1069], 0.6320414717804801"
"[115, 24, 49, 18, 13, 559], 0.5746179189028027"
"[229, 32, 2, 12, 1, 601], 0.5922423738214089"
"[189, 1, 170, 3, 3, 1054], 0.32562602783048705"
"[348, 40, 121, 5, 12, 881], 0.7400494702989028"
"[344, 8, 159, 2, 5, 680], 0.6413204656862745"
"[563, 32, 127, 0, 11, 951], 0.6015880651945321"
"[259, 45, 137, 19, 1, 1109], 0.4523454313195072"
"[135, 20, 142, 20, 1, 804], 0.48274440298507465"
"[86, 42, 45, 21, 17, 1046], 0.4494417622689612"
"[568, 10, 84, 20, 17, 929], 0.48358242048164807"
"[466, 10, 86, 17, 7, 971], 0.6049360675269079"
"[255, 34, 64, 11, 17, 738], 0.7614146341463416"
"[384, 0, 100, 20, 20, 571], 0.3366290134267367"
"[78, 28, 116, 6, 1, 1058], 0.4369228103339635"
"[562, 4, 169, 11, 7, 983], 0.5712240390561107"
"[348, 7, 96, 20, 12, 729], 0.6241174049866861"
"[74, 2, 23, 20, 2, 630], 0.22790207749766578"
"[583, 6, 116, 22, 17, 1058], 0.5024376552133141"
"[339, 18, 26, 3, 17, 502], 0.48882104913678626"
"[275, 48, 32, 16, 6, 611], 0.6639241680305511"
"[145, 0, 24, 1, 12, 1009], 0.3023363065741659"
"[540, 15, 29, 20, 12, 656], 0.4204966896819704"
"[371, 21, 3, 24, 16, 786], 0.6692942111959289"
"[444, 33, 28, 29, 10, 693], 0.5210735930735931"
"[40, 3, 12, 20, 4, 616], 0.22735392793481032"
"[118, 48, 33, 35, 4, 1072], 0.37830045087064684"
"[570, 36, 57, 8, 20, 734], 0.5712349000908266"
"[457, 39, 43, 35, 14, 831], 0.635830625752106"
"[455, 17, 84, 25, 1, 891], 0.5823641975308642"
"[50, 46, 100, 28, 0, 839], 0.3833341279300755"
"[485, 27, 174, 21, 17, 904], 0.7064268067846609"
"[284, 11, 100, 5, 13, 949], 0.5996821525238125"
"[155, 46, 113, 21, 9, 761], 0.5946104905825669"
"[135, 15, 32, 29, 5, 662], 0.4628968662993899"
"[207, 34, 0, 34, 9, 1001], 0.4865632700632701"
"[557, 32, 67, 5, 15, 748], 0.5416536319073084"
"[321, 31, 1, 29, 9, 561], 0.5540949197860964"
"[54, 29, 9, 25, 13, 936], 0.43985336538461534"
"[345, 42, 116, 32, 2, 667], 0.6336366816591704"
"[300, 41, 13, 14, 2, 851], 0.579090579710145"
"[311, 17, 133, 12, 14, 667], 0.8502689905047477"
"[215, 34, 71, 5, 4, 1081], 0.5000657570151096"
"[97, 17, 40, 9, 20, 927], 0.5930458468176916"
"[532, 19, 36, 1, 16, 885], 0.5701553672316384"
"[405, 36, 126, 4, 6, 606], 0.5505668316831683"
"[232, 10, 10, 4, 1, 984], 0.38144401602104266"
"[215, 4, 31, 32, 19, 917], 0.39936092223148806"
"[203, 6, 4, 8, 6, 915], 0.45165461266473816"
"[192, 20, 72, 6, 15, 1052], 0.5855031685678075"
"[266, 8, 78, 26, 4, 816], 0.46003247549019616"
"[371, 40, 161, 21, 13, 966], 0.6716539855072465"
"[466, 48, 74, 23, 16, 932], 0.6943850143061516"
"[331, 16, 56, 10, 17, 1103], 0.6664813165520062"
"[414, 19, 58, 20, 3, 982], 0.5498134758995249"
"[253, 28, 112, 30, 16, 976], 0.5832349726775958"
"[244, 35, 6, 17, 0, 695], 0.5204196642685852"
"[281, 42, 25, 25, 3, 939], 0.48060729499467525"
"[66, 30, 150, 27, 1, 520], 0.49652243589743605"
"[376, 40, 125, 31, 19, 617], 0.6235484873041598"
"[459, 43, 167, 6, 0, 684], 0.5271304824561404"
"[129, 44, 78, 14, 6, 912], 0.5463141447368421"
"[21, 46, 58, 27, 8, 646], 0.4535064499484005"
"[240, 3, 95, 12, 16, 1050], 0.4897846638655463"
"[411, 0, 167, 5, 5, 587], 0.3744304372515616"
"[43, 16, 114, 32, 17, 533], 0.5308996063716294"
"[444, 38, 69, 9, 17, 897], 0.8090493311036792"
"[56, 35, 56, 25, 10, 751], 0.5095703506435864"
"[332, 35, 74, 1, 6, 769], 0.6578053749458171"
"[139, 33, 133, 10, 15, 802], 0.7182270365752287"
"[66, 7, 126, 10, 0, 1015], 0.3737411861296243"
"[20, 17, 93, 20, 18, 1048], 0.4389724077608143"
"[376, 19, 41, 18, 2, 944], 0.5496780543785311"
"[506, 31, 21, 34, 16, 829], 0.5482401487736229"
"[368, 37, 14, 16, 14, 677], 0.6805585918266863"
"[159, 12, 25, 20, 19, 621], 0.5077430377948281"
"[493, 14, 138, 22, 15, 595], 0.4872969187675071"
"[277, 14, 138, 15, 16, 685], 0.75270251896379"
"[287, 39, 115, 7, 17, 548], 0.8100491180048661"
"[356, 23, 114, 32, 17, 1041], 0.6113222862632086"
"[294, 30, 164, 24, 6, 775], 0.6722043010752689"
"[17, 17, 116, 28, 13, 939], 0.4729595314164004"
"[131, 26, 138, 34, 18, 849], 0.5743421672555948"
"[105, 43, 121, 8, 2, 851], 0.5490083235409323"
"[189, 7, 113, 20, 4, 616], 0.46926987044817925"
"[77, 27, 32, 5, 15, 645], 0.5654457364341087"
"[348, 37, 88, 11, 7, 1039], 0.6715036894449792"
"[362, 39, 17, 0, 13, 545], 0.4626796636085626"
"[324, 7, 81, 16, 4, 674], 0.5862287557456218"
"[47, 20, 103, 16, 1, 520], 0.47470753205128213"
"[85, 5, 74, 0, 7, 953], 0.31480795424150776"
"[327, 32, 134, 26, 19, 853], 0.6856469323954671"
"[543, 27, 35, 29, 18, 935], 0.5732776292335117"
"[305, 5, 86, 31, 4, 617], 0.5204803921568628"
"[146, 26, 62, 27, 18, 724], 0.5741369705340701"
"[586, 41, 176, 3, 18, 551], 0.5475955837870539"
"[101, 33, 56, 4, 7, 661], 0.551278618255169"
"[555, 29, 12, 27, 12, 725], 0.44109195402298856"
"[31, 5, 92, 0, 19, 797], 0.37087081457426135"
"[428, 3, 68, 21, 1, 1008], 0.3715118464052288"
"[435, 10, 81, 19, 12, 752], 0.5748793348456404"
"[374, 22, 157, 17, 11, 847], 0.766500098386462"
"[510, 35, 0, 25, 16, 968], 0.6175922865013774"
"[170, 7, 142, 33, 9, 903], 0.4570491824636832"
"[304, 16, 89, 31, 3, 520], 0.5250963895173454"
"[235, 31, 76, 19, 0, 913], 0.46554965315808694"
"[195, 19, 37, 35, 2, 771], 0.48295428015564207"
"[557, 32, 38, 32, 9, 959], 0.5577240180743831"
"[297, 30, 49, 26, 11, 1104], 0.5338158967391305"
"[271, 45, 83, 4, 3, 1021], 0.5256523832843619"
"[485, 3, 33, 4, 10, 747], 0.4167164146783212"
"[387, 37, 169, 13, 10, 977], 0.7663056124189698"
"[318, 7, 60, 17, 3, 649], 0.5487007462461102"
"[126, 16, 38, 24, 2, 1043], 0.3551180794465438"
"[280, 1, 56, 6, 2, 718], 0.46224203943415815"
"[311, 16, 140, 32, 20, 1074], 0.5783597874904152"
"[347, 29, 117, 29, 2, 653], 0.616078739152629"
"[296, 0, 36, 7, 14, 928], 0.48550035919540246"
"[266, 46, 154, 26, 9, 550], 0.7909848484848485"
"[417, 8, 131, 9, 7, 659], 0.5752784150078848"
"[337, 27, 93, 9, 4, 723], 0.7638523513139698"
"[512, 3, 35, 28, 14, 1076], 0.4819205618120855"
"[367, 48, 169, 4, 3, 878], 0.6778907555049355"
"[298, 48, 150, 13, 2, 938], 0.6274753020611231"
"[126, 9, 178, 16, 3, 890], 0.45296788940295224"
"[567, 18, 30, 23, 0, 606], 0.3117054455445545"
"[245, 39, 138, 27, 16, 690], 0.698786231884058"
"[378, 27, 84, 11, 13, 679], 0.7752800687285224"
"[251, 3, 85, 11, 1, 773], 0.49315367298277657"
"[335, 19, 100, 21, 15, 715], 0.7314918414918417"
"[278, 46, 9, 4, 6, 999], 0.5393621121121122"
"[329, 5, 103, 23, 5, 949], 0.43369667245191024"
"[159, 2, 29, 21, 0, 523], 0.2872250121846062"
"[238, 25, 16, 17, 18, 965], 0.5702547495682212"
"[30, 23, 14, 36, 9, 918], 0.42048856209150337"
"[83, 10, 29, 12, 10, 661], 0.5288098765981432"
"[212, 43, 167, 29, 2, 665], 0.6781265664160403"
"[161, 33, 154, 12, 7, 692], 0.7109800096339115"
"[544, 4, 103, 21, 2, 523], 0.24860027930866424"
"[543, 23, 27, 20, 5, 561], 0.3660601604278075"
"[415, 24, 137, 21, 12, 714], 0.6699016106442577"
"[23, 10, 38, 24, 3, 765], 0.3086111111111111"
"[7, 33, 8, 7, 19, 698], 0.5267201528175741"
"[485, 0, 55, 17, 18, 575], 0.3031702898550725"
"[354, 8, 180, 8, 8, 859], 0.6993468579515626"
"[131, 38, 97, 4, 12, 722], 0.6365296629732226"
"[352, 38, 149, 13, 13, 540], 0.7130324074074075"
"[228, 27, 79, 10, 4, 696], 0.6954989224137933"
"[112, 4, 53, 5, 0, 1086], 0.25005940580652153"
"[438, 14, 142, 7, 3, 645], 0.5162722298221616"
"[586, 26, 141, 20, 5, 823], 0.4431416565411098"
"[276, 2, 115, 8, 1, 955], 0.4263411097423263"
"[384, 46, 136, 23, 4, 628], 0.5543481953290871"
"[151, 36, 115, 28, 20, 1060], 0.5079147012578616"
"[195, 21, 18, 30, 17, 1006], 0.5001389993373095"
"[226, 29, 122, 9, 7, 860], 0.6920591085271318"
"[493, 12, 8, 32, 1, 968], 0.47577167395883974"
"[288, 18, 77, 9, 14, 1056], 0.6695433238636365"
"[249, 34, 66, 21, 10, 833], 0.6102663065226092"
"[584, 15, 85, 29, 0, 757], 0.34190826145517655"
"[445, 36, 51, 12, 16, 801], 0.7394010611735331"
"[115, 24, 43, 18, 3, 641], 0.4779819292771712"
"[453, 27, 12, 36, 4, 1088], 0.5195168504901961"
"[482, 1, 34, 29, 3, 953], 0.3992055222928626"
"[330, 19, 83, 18, 9, 699], 0.733211373390558"
"[474, 46, 0, 13, 0, 1031], 0.5830405754930489"
"[574, 3, 99, 29, 18, 523], 0.33398578150189334"
"[383, 47, 173, 21, 18, 563], 0.5526699230313796"
"[377, 43, 119, 0, 15, 537], 0.5058756983240223"
"[367, 45, 101, 11, 4, 920], 0.6975837862318842"
"[546, 48, 101, 18, 20, 548], 0.5152270377128955"
"[249, 40, 170, 25, 1, 852], 0.5476566901408451"
"[16, 18, 162, 14, 17, 790], 0.6120833333333334"
"[376, 14, 2, 17, 20, 855], 0.645391296869625"
"[288, 3, 27, 10, 6, 578], 0.6004531430219148"
"[248, 1, 7, 35, 9, 1101], 0.3056345434631619"
"[556, 27, 166, 4, 19, 898], 0.6505421306607276"
"[505, 48, 149, 36, 6, 994], 0.6570383132126089"
"[134, 14, 138, 21, 5, 1012], 0.42837108618150815"
"[557, 42, 110, 30, 14, 1079], 0.6601805684275563"
"[485, 18, 67, 20, 19, 703], 0.48696574205784726"
"[302, 19, 146, 13, 3, 661], 0.7546447302067575"
"[462, 9, 67, 8, 19, 796], 0.6305506145925707"
"[517, 16, 28, 28, 11, 989], 0.6214704197149031"
"[210, 38, 60, 4, 16, 806], 0.6433341604631928"
"[493, 20, 17, 33, 13, 614], 0.42781175352877304"
"[336, 16, 90, 28, 1, 721], 0.600659446302793"
"[181, 28, 118, 35, 13, 1028], 0.5330076199740598"
"[564, 38, 121, 18, 4, 517], 0.4583741134751774"
"[135, 48, 2, 1, 1, 714], 0.4273508403361346"
"[381, 41, 51, 4, 4, 661], 0.5883342158345941"
"[234, 31, 179, 33, 17, 998], 0.5974755344021377"
"[36, 3, 117, 3, 8, 613], 0.39158646802929986"
"[460, 36, 50, 3, 14, 714], 0.57150350140056"
"[136, 9, 162, 21, 10, 969], 0.4613070175438597"
"[458, 19, 102, 10, 7, 618], 0.580366504854369"
"[367, 48, 172, 18, 7, 820], 0.735436991869919"
"[340, 22, 105, 14, 19, 717], 0.8127444211994423"
"[263, 23, 27, 2, 14, 944], 0.5828745586158193"
"[56, 31, 69, 29, 5, 903], 0.4163258582502769"
"[205, 48, 71, 36, 14, 906], 0.5613689293598234"
"[133, 45, 43, 2, 14, 745], 0.5779837807606264"
"[206, 45, 62, 32, 2, 595], 0.5336204481792719"
"[408, 34, 1, 7, 11, 871], 0.7395850554917719"
"[288, 29, 119, 6, 0, 785], 0.6361650743099788"
"[77, 6, 158, 14, 17, 585], 0.6000012569130216"
"[2, 39, 162, 3, 11, 1101], 0.48637965485921897"
"[395, 9, 167, 32, 5, 977], 0.5312049140024485"
"[472, 11, 84, 4, 18, 958], 0.6741046706782924"
"[212, 38, 58, 24, 12, 760], 0.6110800438596491"
"[154, 0, 173, 1, 3, 695], 0.3933063549160672"
"[470, 35, 92, 29, 9, 633], 0.47362796208530805"
"[233, 39, 49, 2, 16, 1004], 0.5590797642762285"
"[174, 26, 78, 8, 20, 974], 0.6270275496235456"
"[563, 1, 51, 0, 6, 778], 0.2370905728615354"
"[114, 5, 59, 7, 10, 973], 0.44248578784031606"
"[147, 0, 165, 25, 3, 524], 0.37681329516539447"
"[138, 37, 16, 34, 3, 862], 0.4200804331013148"
"[435, 36, 37, 23, 13, 1022], 0.6219550717547293"
"[104, 4, 118, 23, 9, 1034], 0.338068162855084"
"[476, 8, 68, 26, 17, 584], 0.36514910690303526"
"[570, 12, 108, 24, 20, 754], 0.4488281843241277"
"[157, 38, 42, 22, 4, 710], 0.4941255868544602"
"[53, 7, 81, 26, 7, 1102], 0.28954080370805313"
"[104, 20, 103, 33, 3, 1032], 0.40017175387596904"
"[580, 34, 27, 2, 20, 752], 0.47899678634751786"
"[49, 16, 143, 9, 14, 1055], 0.5748967335749466"
"[56, 16, 138, 32, 0, 827], 0.40071403845697895"
"[375, 43, 35, 30, 12, 563], 0.47788084665482533"
"[126, 6, 178, 29, 15, 903], 0.4528442446746141"
"[426, 24, 111, 5, 9, 554], 0.5487525571600482"
"[14, 9, 98, 17, 7, 977], 0.3656150982399101"
"[327, 46, 129, 22, 12, 859], 0.680065289095848"
"[573, 6, 35, 13, 5, 951], 0.44677347374280935"
"[310, 29, 150, 5, 14, 904], 0.7235728244837759"
"[321, 32, 96, 4, 18, 637], 0.7844045002616431"
"[351, 17, 66, 11, 17, 971], 0.7257696532784073"
"[230, 28, 173, 25, 12, 843], 0.6546141755634638"
"[26, 18, 70, 27, 12, 569], 0.4878473930872877"
"[98, 35, 35, 35, 11, 864], 0.4942016782407408"
"[487, 24, 63, 7, 14, 697], 0.5601498087039694"
"[429, 21, 29, 11, 6, 581], 0.4952304934021802"
"[556, 39, 67, 29, 6, 596], 0.4145283836689039"
"[519, 45, 150, 23, 11, 860], 0.6215649224806201"
"[264, 45, 94, 2, 10, 667], 0.7126284357821091"
"[202, 24, 127, 30, 2, 1040], 0.44352363782051285"
"[158, 37, 21, 23, 9, 897], 0.4995454292084727"
"[323, 31, 166, 12, 2, 749], 0.7568426791277258"
"[572, 44, 108, 15, 16, 700], 0.5639880952380953"
"[456, 19, 55, 11, 18, 808], 0.7417952764026404"
"[275, 3, 121, 23, 11, 857], 0.4918812146795708"
"[473, 39, 26, 2, 15, 841], 0.6337929052715022"
"[572, 33, 13, 23, 12, 615], 0.4249085365853659"
"[463, 41, 29, 1, 14, 723], 0.5388177731673582"
"[191, 25, 7, 8, 17, 666], 0.6718201951951953"
"[488, 11, 13, 13, 5, 775], 0.4879229917773561"
"[164, 16, 94, 12, 12, 1085], 0.5868238908466613"
"[129, 13, 36, 30, 6, 717], 0.45137607679054886"
"[266, 26, 114, 13, 5, 893], 0.6474432624113474"
"[325, 10, 15, 23, 12, 1047], 0.4727150823079949"
"[40, 47, 148, 12, 3, 747], 0.5691452476572959"
"[75, 3, 22, 4, 8, 1041], 0.30551763010679783"
"[414, 33, 143, 28, 9, 740], 0.6895917792792795"
"[5, 25, 107, 18, 12, 719], 0.5305687297171999"
"[315, 39, 93, 25, 10, 825], 0.6687500000000001"
"[430, 22, 135, 9, 10, 765], 0.8026062091503269"
"[23, 31, 139, 8, 4, 529], 0.6275333963453056"
"[266, 0, 114, 10, 1, 750], 0.5110833333333334"
"[119, 13, 62, 16, 5, 1056], 0.41374835672905524"
"[72, 30, 64, 26, 10, 1015], 0.4583579638752052"
"[90, 22, 39, 10, 2, 1025], 0.4784044715447156"
"[53, 26, 64, 35, 16, 896], 0.47622470238095244"
"[344, 36, 7, 26, 17, 887], 0.6122779969936115"
"[228, 11, 34, 17, 14, 1018], 0.4917968430987327"
"[337, 28, 117, 35, 15, 747], 0.7359876171352077"
"[133, 0, 148, 7, 9, 840], 0.47175595238095247"
"[151, 48, 63, 11, 1, 762], 0.5733362860892389"
"[515, 24, 6, 32, 3, 618], 0.33255097087378643"
"[171, 7, 130, 8, 19, 636], 0.6384535238623753"
"[544, 36, 170, 28, 11, 733], 0.543380854934061"
"[1, 11, 70, 16, 17, 1037], 0.4056141112182578"
"[11, 11, 180, 8, 18, 858], 0.558072946661182"
"[256, 35, 129, 9, 13, 707], 0.8094086515794439"
"[158, 22, 72, 7, 11, 1073], 0.5762458838148494"
"[422, 14, 128, 26, 4, 742], 0.5730245230167539"
"[503, 31, 41, 13, 1, 523], 0.4114137985978331"
"[412, 4, 170, 30, 4, 925], 0.49880233174350824"
"[464, 35, 63, 31, 6, 558], 0.4084233870967742"
"[542, 5, 84, 3, 15, 1036], 0.5540296199560907"
"[226, 41, 144, 1, 15, 579], 0.7332443868739207"
"[487, 13, 4, 23, 7, 908], 0.5361844821629091"
"[187, 41, 131, 22, 15, 662], 0.6568306898288017"
"[285, 8, 19, 29, 9, 610], 0.5506089279974286"
"[322, 26, 35, 36, 2, 806], 0.5482736765922251"
"[235, 11, 169, 29, 19, 505], 0.6489307901378375"
"[464, 21, 17, 14, 15, 670], 0.5203886815920397"
"[508, 19, 47, 27, 15, 926], 0.6212133729301655"
"[102, 21, 18, 16, 10, 785], 0.5573832271762208"
"[81, 7, 38, 6, 20, 734], 0.47898403857455796"
"[199, 5, 97, 31, 17, 1030], 0.3992267513801637"
"[82, 26, 142, 4, 20, 920], 0.576082427536232"
"[445, 25, 83, 0, 17, 1060], 0.6324430031446541"
"[250, 34, 120, 23, 0, 717], 0.5597894002789401"
"[395, 1, 104, 22, 0, 731], 0.39910761513907883"
"[32, 42, 29, 2, 11, 1035], 0.4435929951690821"
"[459, 28, 66, 1, 20, 656], 0.48187525406504067"
"[47, 32, 8, 31, 5, 578], 0.39347866205305654"
"[332, 6, 166, 31, 20, 572], 0.5800849787467436"
"[543, 26, 74, 2, 12, 795], 0.5198584905660377"
"[45, 3, 131, 16, 16, 917], 0.39675571984519004"
"[389, 44, 75, 25, 4, 842], 0.6199175574030088"
"[46, 13, 44, 4, 3, 828], 0.39556955100880936"
"[334, 24, 129, 15, 6, 759], 0.7481953227931489"
"[510, 31, 163, 8, 17, 841], 0.7301588386841064"
"[310, 40, 104, 5, 2, 777], 0.6577265122265123"
"[556, 11, 48, 34, 3, 1058], 0.4718569257570702"
"[83, 19, 180, 33, 5, 1032], 0.44997189922480624"
"[324, 48, 88, 15, 19, 970], 0.6728694158075602"
"[308, 43, 100, 2, 19, 698], 0.7416198662846228"
"[107, 35, 75, 26, 3, 587], 0.4738661272004543"
"[588, 12, 92, 28, 18, 989], 0.5179493348401039"
"[533, 10, 140, 4, 14, 1003], 0.6442989365237621"
"[64, 29, 138, 3, 9, 1080], 0.49702546296296296"
"[91, 6, 140, 8, 18, 506], 0.6272884600480509"
"[485, 47, 139, 31, 15, 641], 0.5209811492459698"
"[137, 29, 129, 32, 2, 1026], 0.4172005360623782"
"[582, 4, 62, 14, 5, 569], 0.32752743030428344"
"[297, 36, 106, 32, 17, 1057], 0.5738333333333334"
"[511, 32, 53, 19, 11, 748], 0.5039363859180037"
"[42, 16, 70, 29, 8, 500], 0.4674289215686275"
"[362, 2, 62, 7, 8, 956], 0.5199561387316434"
"[303, 40, 19, 16, 20, 605], 0.727021349862259"
"[2, 21, 82, 0, 15, 1087], 0.41761438209138296"
"[577, 6, 101, 12, 17, 775], 0.4730985135989881"
"[561, 46, 61, 25, 11, 599], 0.46006914301613805"
"[449, 12, 177, 7, 0, 807], 0.6176872038778336"
"[550, 37, 89, 1, 18, 687], 0.5002259825327512"
"[135, 29, 120, 18, 1, 646], 0.5242301341589268"
"[450, 4, 24, 30, 18, 921], 0.5221323050392797"
"[467, 25, 172, 27, 16, 882], 0.7200634920634922"
"[107, 18, 61, 31, 17, 618], 0.5483377831715212"
"[320, 4, 44, 13, 7, 796], 0.5633668095378855"
"[89, 26, 99, 33, 12, 873], 0.5211308705612829"
"[442, 14, 166, 32, 4, 748], 0.5694694741532977"
"[380, 1, 56, 7, 17, 609], 0.46316570076306374"
"[526, 43, 39, 0, 14, 812], 0.5149514573070607"
"[98, 21, 4, 5, 20, 711], 0.5650541490857947"
"[230, 47, 23, 12, 6, 957], 0.5844328631138977"
"[152, 45, 80, 21, 6, 656], 0.5448516260162602"
"[263, 7, 123, 10, 20, 841], 0.6619574677671306"
"[265, 4, 102, 35, 7, 1100], 0.3622047682709447"
"[116, 13, 148, 33, 3, 776], 0.46569206084495657"
"[81, 38, 137, 13, 13, 720], 0.6654427083333334"
"[571, 3, 71, 2, 4, 903], 0.32902372809588953"
"[152, 48, 109, 26, 15, 832], 0.5765902443910258"
"[224, 34, 103, 28, 9, 964], 0.5556001901798064"
"[484, 11, 178, 17, 19, 940], 0.6973031393408428"
"[118, 20, 165, 26, 11, 730], 0.6209389269406392"
"[365, 46, 74, 22, 19, 851], 0.6758811202506856"
"[368, 34, 102, 6, 1, 927], 0.6205674217907228"
"[426, 30, 161, 23, 17, 923], 0.7212005236547491"
"[405, 1, 122, 34, 19, 874], 0.5374880311392293"
"[533, 15, 59, 7, 16, 811], 0.5803592816904815"
"[517, 37, 86, 32, 3, 1087], 0.5687298374731677"
"[270, 13, 18, 22, 4, 915], 0.4476446480231437"
"[151, 11, 62, 34, 7, 642], 0.47869346710646876"
"[360, 3, 141, 2, 1, 1075], 0.3703459872321022"
"[305, 24, 142, 28, 1, 972], 0.5133729423868314"
"[106, 40, 35, 2, 20, 595], 0.5533158263305323"
"[414, 32, 58, 35, 14, 907], 0.6695334435869167"
"[219, 47, 49, 6, 4, 939], 0.5470742811501598"
"[379, 12, 88, 32, 0, 686], 0.491219802206597"
"[295, 21, 116, 34, 8, 703], 0.691828828828829"
"[413, 26, 118, 11, 2, 996], 0.6718639558232933"
"[34, 13, 171, 15, 5, 940], 0.46507339904046724"
"[260, 25, 73, 36, 1, 601], 0.5734091791458681"
"[445, 6, 44, 0, 0, 1079], 0.36166751167566197"
"[51, 19, 12, 26, 9, 1024], 0.4097288411458334"
"[273, 22, 118, 24, 20, 766], 0.6852412967798086"
"[38, 29, 87, 9, 6, 918], 0.5371211873638345"
"[455, 32, 62, 8, 6, 596], 0.5105959172259509"
"[563, 9, 138, 11, 20, 1098], 0.6967405710918247"
"[496, 43, 90, 29, 17, 860], 0.6222916666666667"
"[107, 15, 108, 1, 18, 1069], 0.47217862580017983"
"[247, 7, 177, 12, 17, 699], 0.7880370697635278"
"[136, 46, 132, 4, 1, 864], 0.5063182870370372"
"[337, 6, 15, 30, 15, 526], 0.3663550193841795"
"[201, 2, 153, 29, 7, 613], 0.49266961743914534"
"[396, 0, 64, 20, 5, 859], 0.43475824602250684"
"[302, 2, 137, 15, 15, 980], 0.5158364595838336"
"[267, 30, 38, 14, 10, 932], 0.6445191344778255"
"[475, 44, 14, 2, 5, 501], 0.3715988023952096"
"[439, 43, 98, 17, 19, 568], 0.5255425469483568"
"[6, 21, 39, 15, 15, 1018], 0.47623829404060253"
"[145, 23, 39, 21, 7, 679], 0.5218651202749142"
"[270, 31, 19, 33, 18, 522], 0.6450100574712644"
"[449, 24, 110, 19, 12, 920], 0.7217346014492755"
"[118, 9, 61, 26, 17, 1098], 0.3710404344798029"
"[57, 21, 8, 8, 6, 1044], 0.4693908045977012"
"[9, 23, 102, 14, 3, 780], 0.4870673076923077"
"[28, 29, 14, 13, 12, 549], 0.5289544626593807"
"[195, 8, 154, 16, 15, 740], 0.6158760598834129"
"[109, 20, 49, 30, 6, 1062], 0.4084460922787194"
"[13, 23, 148, 0, 3, 521], 0.47646865003198985"
"[170, 5, 42, 7, 4, 1051], 0.36708790880767156"
"[111, 20, 82, 11, 17, 924], 0.622663961038961"
"[45, 24, 19, 7, 6, 888], 0.48736739864864864"
"[162, 47, 142, 36, 13, 719], 0.6375662957811776"
"[428, 44, 32, 8, 15, 1072], 0.6974527363184081"
"[568, 34, 73, 3, 17, 504], 0.5018943452380953"
"[89, 10, 108, 26, 14, 869], 0.44992568650014675"
"[146, 2, 139, 13, 12, 813], 0.5189927103682803"
"[33, 5, 113, 30, 17, 506], 0.4017704119197087"
"[403, 13, 27, 11, 12, 986], 0.6837460277214334"
"[445, 32, 75, 35, 8, 524], 0.44192541348600517"
"[588, 25, 116, 1, 10, 657], 0.5172625570776256"
"[418, 29, 79, 11, 4, 840], 0.7528943452380953"
"[424, 11, 138, 14, 10, 767], 0.7118246158959021"
"[283, 22, 55, 1, 15, 1109], 0.5410063871355577"
"[290, 13, 105, 10, 1, 651], 0.6877214466431735"
"[228, 48, 130, 6, 10, 928], 0.671343570402299"
"[534, 0, 84, 34, 11, 1020], 0.46419117647058816"
"[18, 6, 86, 23, 14, 808], 0.36754012570374683"
"[24, 30, 116, 5, 3, 691], 0.4987231066087796"
"[94, 21, 141, 33, 6, 887], 0.49216807591131156"
"[464, 48, 32, 26, 19, 765], 0.5714379084967319"
"[450, 24, 3, 13, 20, 853], 0.7250446463462292"
"[360, 38, 124, 10, 12, 903], 0.8007043189368771"